100 wichtigste Begriffe;
Arbeitgeber*in;
Arbeitnehmende;
Angehörige;
Antragsteller*in;
Ansprechperson;
Assistent*in;
Ausbildner*in;
Auskunftsperson;
Autor*in;
Bäcker*in;
Bauleiter*in;
Beamte*r;
Beauftragte*r;
Berater*in;
Bereichsleiter*in;
Berufstätige;
Beschäftigte;
Besitzer*in;
Besucher*in;
Bewohner*in;
Bildungsverantwortliche;
Biolog*in;
Bürger*in;
Dozent*in;
Ehrenamtliche;
Einreisende;
Einwohner*in;
Elternteil;
Empfänger*in;
Erziehungsberechtigte;
Expert*in;
Fachkraft;
Fachperson;
Fahrgast;
Fahrer*in;
Forschungsperson;
Freischaffende;
Freiwillige;
Funktionär*in;
Gastdozent*in;
Gastgeber*in;
Gäste;
Gewerbetreibende;
Geschäftsführer*in;
Gleichstellungsbeauftragte;
Gymnasiast*in;
Hauswart*in;
Hochschulangehörige;
Ingenieur*in;
Initiant*in;
Interessierte;
Interviewte;
Journalist*in;
Jurist*in;
Kandidat*in;
Kinderbetreuungsperson;
Kläger*in;
Klient*in;
Konsument*in;
Kontaktperson;
Krankenschwester / Pflegefachperson;
Kritiker*in;
Kund*in;
Kursteilnehmer*in;
Künstler*in;
Lehrbeauftragte;
Lehrkraft;
Lehrperson;
Lehrer*in;
Leser*in;
Liegenschaftsverwalter*in;
Lieferant*in;
Lernende;
Manager*in;
Mieter*in;
Mitarbeiter*in;
Moderator*in;
Nutzer*in;
Organisator*in;
Passant*in;
Patient*in;
Personalleiter*in;
Pflegende;
Politiker*in;
Postangestellte;
Praktikant*in;
Professor*in;
Projektleiter*in;
Prüfling;
Publikum;
Publizierende;
Pädagog*in;
Personalverantwortliche;
Redaktor*in;
Reisende;
Renter*in;
Sachbearbeiter*in;
Schiedsrichter*in;
Schreibende;
Schüler*in;
Schulsozialarbeitende;
Schulverantwortliche;
Sekretär*in;
Senior*in;
Sitzungsleitende;
Sozialarbeitende;
Sprecher*in;
Sportler*in;
Staatsangehörige;
Steuerzahler*in;
Student*in;
Studieninteressierte;
Studierende;
Teilnehmer*in;
Techniker*in;
Trainer*in;
Unternehmer*in;
Vorgesetzte;
Wählende;
Wissenschaftler*in;
Zeug*in;
Zuschauer*in;