;
Arbeitgeber;Arbeitgeber*in
Arbeitnehmer;Arbeitnehmende
Angehörige;Angehörige
Antragsteller;Antragsteller*in
Ansprechperson;Ansprechperson
Assistent;Assistent*in
Ausbildner;Ausbildner*in
Auskunftsperson;Auskunftsperson
Autor;Autor*in
Bäcker;Bäcker*in
Bauleiter;Bauleiter*in
Beamter;Beamte*r
Beauftragter;Beauftragte*r
Berater;Berater*in
Bereichsleiter;Bereichsleiter*in
Berufstätige;Berufstätige
Beschäftigte;Beschäftigte
Besitzer;Besitzer*in
Besucher;Besucher*in
Bewohner;Bewohner*in
Bildungsverantwortliche;Bildungsverantwortliche
Biolog;Biolog*in
Bürger;Bürger*in
Dozent;Dozent*in
Ehrenamtlicher;Ehrenamtliche
Einreisender;Einreisende
Einwohner;Einwohner*in
Mutter;Elternteil
Vater;Elternteil
Empfänger;Empfänger*in
Erziehungsberechtigter;Erziehungsberechtigte
Experte;Expert*in
Fachkraft;Fachkraft
Fachmann;Fachperson
Fahrgast;Fahrgast
Fahrer;Fahrer*in
Forscher;Forschungsperson
Freischaffender;Freischaffende
Freiwilliger;Freiwillige
Funktionär;Funktionär*in
Gastdozent;Gastdozent*in
Gastgeber;Gastgeber*in
Gast;Gäste
Gewerbetreiber;Gewerbetreibende
Geschäftsführer;Geschäftsführer*in
Gleichstellungsbeauftragter;Gleichstellungsbeauftragte
Gymnasiast;Gymnasiast*in
Hauswart;Hauswart*in
Hochschulangehöriger;Hochschulangehörige
Ingenieur;Ingenieur*in
Initiant;Initiant*in
Interessierter;Interessierte
Interviewter;Interviewte
Journalist;Journalist*in
Jurist;Jurist*in
Kandidat;Kandidat*in
Kinderbetreuer;Kinderbetreuungsperson
Kläger;Kläger*in
Klient;Klient*in
Konsument;Konsument*in
Kontaktmann;Kontaktperson
Krankenschwester;Pflegefachperson
Kritiker;Kritiker*in
Kunde;Kund*in
Kursteilnehmer;Kursteilnehmer*in
Künstler;Künstler*in
Lehrbeauftragter;Lehrbeauftragte
Lehrer;Lehrperson
Lieber;Liebe*r
Lehrer;Lehrer*in
Leser;Leser*in
Liegenschaftsverwalter;Liegenschaftsverwalter*in
Lieferant;Lieferant*in
Lernender;Lernende
Manager;Manager*in
Mieter;Mieter*in
Mitarbeiter;Mitarbeiter*in
Moderator;Moderator*in
Nutzer;Nutzer*in
Organisator;Organisator*in
Passant;Passant*in
Patient;Patient*in
Personalleiter;Personalleiter*in
Pfleger;Pflegende
Politiker;Politiker*in
Postangestellter;Postangestellte
Praktikant;Praktikant*in
Professor;Professor*in
Projektleiter;Projektleiter*in
Prüfling;zu Prüfende
Publikum;Publikum
Publizierender;Publizierende
Pädagoge;Pädagog*in
Personalverantwortlicher;Personalverantwortliche
Redaktor*in;Redaktor
Reisende;Reisender
Renter*in;Renter
Sachbearbeiter*in;Sachbearbeiter
Schiedsrichter*in;Schiedsrichter
Schreibende;Schreibender
Schüler*in;Schüler
Schulsozialarbeitende;Schulsozialarbeiter
Schulverantwortliche;Schulverantwortlicher
Sekretär*in;Sekretär
Senior*in;Senior
Sitzungsleitende;Sitzungsleitender
Sozialarbeitende;Sozialarbeiter
Sprecher*in;Sprecher
Sportler*in;Sportler
Staatsangehörige;Staatsangehöriger
Steuerzahler*in;Steuerzahler
Student*in;Student
Studieninteressierte;Studieninteressierter
Studierende;Studenten
Teilnehmer*in;Teilnehmer
Techniker*in;Techniker
Trainer*in;Trainer
Unternehmer*in;Unternehmer
Vorgesetzte;Vorgesetzter
Wählende;Wähler
Wissenschaftler*in;Wissenschaftler
Zeug*in;Zeuge
Zuschauer*in;Zuschauer